user_id,user_name,user_avatar,location,number_reviews,number_photos
1,Joelle Smitham,https://s3.amazonaws.com/uifaces/faces/twitter/Karimmove/128.jpg,New Gay New York,32,4
2,Heaven Jacobi,https://s3.amazonaws.com/uifaces/faces/twitter/geshan/128.jpg,West Majorton Indiana,7,10
3,Hal Kris MD,https://s3.amazonaws.com/uifaces/faces/twitter/sunlandictwin/128.jpg,Haagland Delaware,50,5
4,Delaney Davis,https://s3.amazonaws.com/uifaces/faces/twitter/bertboerland/128.jpg,South Vance Iowa,22,40
5,Darby Bode,https://s3.amazonaws.com/uifaces/faces/twitter/geneseleznev/128.jpg,Nathanborough Mississippi,26,32
6,Erik Legros,https://s3.amazonaws.com/uifaces/faces/twitter/mufaddal_mw/128.jpg,Lake Kathryne North Carolina,6,40
7,Levi Quitzon II,https://s3.amazonaws.com/uifaces/faces/twitter/melvindidit/128.jpg,Adamstown California,27,5
8,Megane Morar,https://s3.amazonaws.com/uifaces/faces/twitter/ionuss/128.jpg,North Elisabethland Maryland,3,7
9,Lonzo Boyle,https://s3.amazonaws.com/uifaces/faces/twitter/felipeapiress/128.jpg,Carrollburgh Maine,21,32
10,Melissa Murazik,https://s3.amazonaws.com/uifaces/faces/twitter/hasslunsford/128.jpg,Kemmerstad Colorado,19,34
11,Rodrigo Senger,https://s3.amazonaws.com/uifaces/faces/twitter/shaneIxD/128.jpg,Lake Maytown Minnesota,32,31
12,Miss Lois Douglas,https://s3.amazonaws.com/uifaces/faces/twitter/allfordesign/128.jpg,Medhurstville Florida,9,40
13,Fredy Rath,https://s3.amazonaws.com/uifaces/faces/twitter/yigitpinarbasi/128.jpg,Port Valentin Maryland,48,6
14,Mr. Javier Sipes,https://s3.amazonaws.com/uifaces/faces/twitter/looneydoodle/128.jpg,McDermotttown South Carolina,46,13
15,Mrs. Jon Koch,https://s3.amazonaws.com/uifaces/faces/twitter/gt/128.jpg,Kertzmannshire Tennessee,45,16
16,Vada Jerde,https://s3.amazonaws.com/uifaces/faces/twitter/samscouto/128.jpg,Port Kellyborough Virginia,10,34
17,Derrick Wiza,https://s3.amazonaws.com/uifaces/faces/twitter/nomidesigns/128.jpg,Cotybury South Carolina,40,15
18,Marianne Gutkowski,https://s3.amazonaws.com/uifaces/faces/twitter/coreyginnivan/128.jpg,Kaceystad Tennessee,37,36
19,Kristian Dickens,https://s3.amazonaws.com/uifaces/faces/twitter/mrebay007/128.jpg,Port Elizabeth Oklahoma,22,19
20,Alexandrine Crona,https://s3.amazonaws.com/uifaces/faces/twitter/vladyn/128.jpg,Dibbertside Iowa,35,26
21,Lucile Hintz Sr.,https://s3.amazonaws.com/uifaces/faces/twitter/rtyukmaev/128.jpg,Lake Emmieberg Montana,38,4
22,Rico Schowalter,https://s3.amazonaws.com/uifaces/faces/twitter/coreyginnivan/128.jpg,West Garlandborough Oregon,31,4
23,Reyna Boyer,https://s3.amazonaws.com/uifaces/faces/twitter/jonkspr/128.jpg,Grimesfort Wisconsin,18,23
24,Solon Kessler,https://s3.amazonaws.com/uifaces/faces/twitter/mateaodviteza/128.jpg,Chazmouth Virginia,3,28
25,Sandra Auer,https://s3.amazonaws.com/uifaces/faces/twitter/_pedropinho/128.jpg,Kellenborough North Dakota,1,31
26,Mafalda Gusikowski,https://s3.amazonaws.com/uifaces/faces/twitter/cloudstudio/128.jpg,South Kiraville New Mexico,7,12
27,Lia Willms,https://s3.amazonaws.com/uifaces/faces/twitter/larrybolt/128.jpg,New Kari Missouri,24,18
28,Leonard Gottlieb,https://s3.amazonaws.com/uifaces/faces/twitter/caseycavanagh/128.jpg,Dimitrifort Maine,7,24
29,Haylie Senger,https://s3.amazonaws.com/uifaces/faces/twitter/adrienths/128.jpg,Uptonview South Dakota,30,23
30,Christiana Streich,https://s3.amazonaws.com/uifaces/faces/twitter/serefka/128.jpg,Port Lenorafurt Minnesota,14,33
31,Sherwood Cole MD,https://s3.amazonaws.com/uifaces/faces/twitter/zforrester/128.jpg,Jeremieton Vermont,17,20
32,Orion Wisozk,https://s3.amazonaws.com/uifaces/faces/twitter/funwatercat/128.jpg,Stanfordport Nevada,25,7
33,Vivien Kiehn DVM,https://s3.amazonaws.com/uifaces/faces/twitter/osmanince/128.jpg,Raoulfort New Hampshire,13,32
34,Irwin Hudson,https://s3.amazonaws.com/uifaces/faces/twitter/caseycavanagh/128.jpg,Aufderharchester Kansas,36,38
35,Bud Beatty,https://s3.amazonaws.com/uifaces/faces/twitter/rpatey/128.jpg,Mollieton West Virginia,3,17
36,Jaquelin Senger,https://s3.amazonaws.com/uifaces/faces/twitter/mauriolg/128.jpg,North Meggiefurt Missouri,41,7
37,Louie Koepp,https://s3.amazonaws.com/uifaces/faces/twitter/dnirmal/128.jpg,Chaimville Indiana,26,5
38,Max Stark,https://s3.amazonaws.com/uifaces/faces/twitter/amanruzaini/128.jpg,East Shanelle New Hampshire,29,6
39,Davonte Gulgowski,https://s3.amazonaws.com/uifaces/faces/twitter/mrmartineau/128.jpg,Jarretbury Georgia,16,16
40,Madelyn Jones,https://s3.amazonaws.com/uifaces/faces/twitter/webtanya/128.jpg,West Tracyfort Connecticut,13,14
41,Emie Barton I,https://s3.amazonaws.com/uifaces/faces/twitter/nilshoenson/128.jpg,Hoegerberg Hawaii,14,8
42,Vada Schamberger,https://s3.amazonaws.com/uifaces/faces/twitter/nilshoenson/128.jpg,Port Alexysburgh Missouri,26,34
43,Nathanial Shields,https://s3.amazonaws.com/uifaces/faces/twitter/dhrubo/128.jpg,Hayesfort New Mexico,45,18
44,Friedrich O'Conner,https://s3.amazonaws.com/uifaces/faces/twitter/romanbulah/128.jpg,Lake Emmychester Indiana,11,6
45,Catherine Bartoletti,https://s3.amazonaws.com/uifaces/faces/twitter/flexrs/128.jpg,Deionton Ohio,27,19
46,Bobby Harvey,https://s3.amazonaws.com/uifaces/faces/twitter/sainraja/128.jpg,South Theron Maryland,16,30
47,Ezekiel Gerlach,https://s3.amazonaws.com/uifaces/faces/twitter/txcx/128.jpg,Bellmouth California,39,22
48,Flossie McGlynn,https://s3.amazonaws.com/uifaces/faces/twitter/imsoper/128.jpg,Davionland North Carolina,20,3
49,Laurence Blick,https://s3.amazonaws.com/uifaces/faces/twitter/anoff/128.jpg,West Daltonbury Connecticut,14,20
50,Leopold Emard,https://s3.amazonaws.com/uifaces/faces/twitter/flashmurphy/128.jpg,Sonyamouth New Mexico,20,15
51,Eldridge Macejkovic,https://s3.amazonaws.com/uifaces/faces/twitter/naitanamoreno/128.jpg,Port Conrad Maine,3,9
52,Mr. Arvel Johnson,https://s3.amazonaws.com/uifaces/faces/twitter/aroon_sharma/128.jpg,South Elizabeth Washington,3,9
53,Rosetta Conroy III,https://s3.amazonaws.com/uifaces/faces/twitter/duivvv/128.jpg,Lake Halside Hawaii,42,14
54,Sidney Spinka,https://s3.amazonaws.com/uifaces/faces/twitter/derienzo777/128.jpg,North Prudenceview Missouri,6,23
55,Mattie Botsford,https://s3.amazonaws.com/uifaces/faces/twitter/uxalex/128.jpg,Port Jarenton Iowa,34,9
56,Aliyah Ferry,https://s3.amazonaws.com/uifaces/faces/twitter/robergd/128.jpg,Altenwerthberg West Virginia,22,9
57,Jeanette Russel,https://s3.amazonaws.com/uifaces/faces/twitter/geran7/128.jpg,South Jack Washington,41,6
58,Maritza Quigley,https://s3.amazonaws.com/uifaces/faces/twitter/charlesrpratt/128.jpg,East Patricia Idaho,19,8
59,Warren Keeling,https://s3.amazonaws.com/uifaces/faces/twitter/malykhinv/128.jpg,Beckerbury Utah,46,30
60,Jaylan Schulist,https://s3.amazonaws.com/uifaces/faces/twitter/jayrobinson/128.jpg,Lake Domenica Arizona,37,7
61,Ericka Carter,https://s3.amazonaws.com/uifaces/faces/twitter/cicerobr/128.jpg,Johnsonbury Kentucky,21,29
62,Justyn Leannon PhD,https://s3.amazonaws.com/uifaces/faces/twitter/otozk/128.jpg,New Ismaelshire Delaware,35,13
63,Elyssa Kessler,https://s3.amazonaws.com/uifaces/faces/twitter/malykhinv/128.jpg,East Lavinaland Arizona,8,11
64,Stanton Hoeger MD,https://s3.amazonaws.com/uifaces/faces/twitter/_kkga/128.jpg,Dorthatown Oregon,26,28
65,Leslie Halvorson Jr.,https://s3.amazonaws.com/uifaces/faces/twitter/kaelifa/128.jpg,West Traceyville South Carolina,11,29
66,Priscilla Waelchi,https://s3.amazonaws.com/uifaces/faces/twitter/dannol/128.jpg,Lake Jamarcusstad Connecticut,12,34
67,Margaret Considine,https://s3.amazonaws.com/uifaces/faces/twitter/miguelmendes/128.jpg,Ratkemouth Hawaii,31,2
68,Isobel Keeling,https://s3.amazonaws.com/uifaces/faces/twitter/SULiik/128.jpg,South Hughview Idaho,36,3
69,Zoila Wisoky,https://s3.amazonaws.com/uifaces/faces/twitter/bertboerland/128.jpg,Wisozkstad Nebraska,20,3
70,Leon Lebsack,https://s3.amazonaws.com/uifaces/faces/twitter/BenouarradeM/128.jpg,West Osbornestad Mississippi,47,20
71,Tina Rippin,https://s3.amazonaws.com/uifaces/faces/twitter/rpatey/128.jpg,Gerholdmouth Maryland,26,26
72,Deon Balistreri,https://s3.amazonaws.com/uifaces/faces/twitter/vladyn/128.jpg,Hamillville Michigan,38,33
73,Velda Anderson,https://s3.amazonaws.com/uifaces/faces/twitter/m_kalibry/128.jpg,West Loyalmouth New Mexico,19,15
74,Samara Braun,https://s3.amazonaws.com/uifaces/faces/twitter/derekebradley/128.jpg,West Alayna Iowa,35,7
75,Creola Zulauf,https://s3.amazonaws.com/uifaces/faces/twitter/coderdiaz/128.jpg,Marilyneburgh Vermont,35,2
76,Zechariah Sawayn,https://s3.amazonaws.com/uifaces/faces/twitter/tom_even/128.jpg,Dibbertville Georgia,4,17
77,Alphonso Terry,https://s3.amazonaws.com/uifaces/faces/twitter/jlsolerdeltoro/128.jpg,Port Lawson Hawaii,28,16
78,Dr. Alaina Schroeder,https://s3.amazonaws.com/uifaces/faces/twitter/strikewan/128.jpg,West Verona Arizona,48,29
79,Thurman Dooley,https://s3.amazonaws.com/uifaces/faces/twitter/robbschiller/128.jpg,Port Darrell Delaware,49,10
80,Moshe Lindgren,https://s3.amazonaws.com/uifaces/faces/twitter/jeremiaha/128.jpg,Pollichburgh Arizona,16,12
81,Lafayette Johns,https://s3.amazonaws.com/uifaces/faces/twitter/michaelbrooksjr/128.jpg,North Jabaritown Hawaii,22,16
82,Louvenia Schmidt,https://s3.amazonaws.com/uifaces/faces/twitter/edobene/128.jpg,Geraldinefurt California,37,5
83,Corine Hirthe PhD,https://s3.amazonaws.com/uifaces/faces/twitter/tristanlegros/128.jpg,Nelliehaven Massachusetts,13,39
84,Alysha Rippin,https://s3.amazonaws.com/uifaces/faces/twitter/juamperro/128.jpg,North Frederick Oklahoma,9,7
85,Natalia Hayes,https://s3.amazonaws.com/uifaces/faces/twitter/karsh/128.jpg,Chelseafort Mississippi,20,17
86,Noe Marvin,https://s3.amazonaws.com/uifaces/faces/twitter/janpalounek/128.jpg,West Alexandro Iowa,8,33
87,Lexi Labadie,https://s3.amazonaws.com/uifaces/faces/twitter/loganjlambert/128.jpg,Jakeview Wisconsin,31,20
88,Unique Fay,https://s3.amazonaws.com/uifaces/faces/twitter/aoimedia/128.jpg,Norvalview Rhode Island,12,10
89,Camron O'Kon,https://s3.amazonaws.com/uifaces/faces/twitter/kanickairaj/128.jpg,New Neilside Hawaii,45,30
90,Bill Graham,https://s3.amazonaws.com/uifaces/faces/twitter/joemdesign/128.jpg,Aftonton Georgia,18,13
91,Amanda Hayes,https://s3.amazonaws.com/uifaces/faces/twitter/alexivanichkin/128.jpg,Rosalynview Florida,19,22
92,Jon King,https://s3.amazonaws.com/uifaces/faces/twitter/jayphen/128.jpg,East Hayleyview Arkansas,45,34
93,Odell Brakus Sr.,https://s3.amazonaws.com/uifaces/faces/twitter/sydlawrence/128.jpg,Wolffport Oklahoma,32,11
94,Santos Mraz Sr.,https://s3.amazonaws.com/uifaces/faces/twitter/kamal_chaneman/128.jpg,Emardchester Idaho,1,9
95,Cloyd Witting,https://s3.amazonaws.com/uifaces/faces/twitter/nwdsha/128.jpg,Volkmanfort New Mexico,20,10
96,Mia Connelly Jr.,https://s3.amazonaws.com/uifaces/faces/twitter/jimmuirhead/128.jpg,Jarrettville Missouri,1,39
97,Alphonso Lynch,https://s3.amazonaws.com/uifaces/faces/twitter/BenouarradeM/128.jpg,South Grovermouth Virginia,38,17
98,Adelle Schaefer,https://s3.amazonaws.com/uifaces/faces/twitter/jagan123/128.jpg,East Luraport Washington,25,27
99,Zita Parker,https://s3.amazonaws.com/uifaces/faces/twitter/konus/128.jpg,Klingfort Minnesota,13,7
100,Odell Farrell,https://s3.amazonaws.com/uifaces/faces/twitter/evanshajed/128.jpg,Wilfredborough Delaware,42,39
